{
  "dataset": "Raw URLs 822k + Tranco 650k augmented",
  "label_convention": "1=phishing, 0=legitimate",
  "training_rows": 891673,
  "testing_rows": 382146,
  "total_features": 48,
  "logistic_regression": {
    "accuracy": 0.8286885117206513,
    "precision": 0.6837894388246628,
    "recall": 0.7948190789473685,
    "f1": 0.7351356162610047,
    "time": 149.86
  },
  "random_forest": {
    "accuracy": 0.9540411256430789,
    "precision": 0.9457247905935257,
    "recall": 0.8978775895856663,
    "f1": 0.9211802984404802,
    "time": 96.9,
    "cv_mean_f1": 0.7466,
    "cv_std_f1": 0.1225
  },
  "best_model": "random_forest"
}